y_mm,lift_n_per_m,shear_n,moment_nm,spar_bending_stress_mpa
0.0,74.9172874882625,47.07114131622687,15.981744298832352,128.90508764328828
1.0,74.91722895910878,46.996224058003186,15.934710616145237,128.52572473548528
2.0,74.91705337137329,46.92130691683794,15.887751850657816,128.14696609264936
3.0000000000000004,74.91676072423293,46.84639000979014,15.840868002194503,127.76881171336426
4.0,74.91635101631591,46.77147345391987,15.794059070462648,127.39126159526955
5.0,74.91582424570163,46.69655736628886,15.747325055052544,127.01431573506065
6.000000000000001,74.9151804099207,46.621641863961045,15.700665955437419,126.63797412848871
7.000000000000001,74.91441950595481,46.54672706400311,15.654081770973436,126.26223677036067
8.0,74.9135415302368,46.47181308348501,15.607572500899693,125.88710365453932
9.000000000000002,74.91254647865038,46.39690003948056,15.56113814433821,125.51257477394304
10.0,74.9114343465302,46.321988049067976,15.514778700293936,125.13865012054599
11.000000000000002,74.91020512866164,46.24707722933038,15.468494167654738,124.76532968537794
12.000000000000002,74.90885881928077,46.17216769735641,15.422284545191394,124.39261345852428
13.000000000000002,74.90739541207411,46.09725957024073,15.376149831557596,124.02050142912603
14.000000000000002,74.90581490017858,46.02235296508461,15.330090025289934,123.6489935853796
15.0,74.90411727618128,45.94744799899643,15.284105124807894,123.27808991453696
16.0,74.90230253211935,45.87254478909228,15.23819512841385,122.90779040290545
17.0,74.90037065947978,45.79764345249648,15.192360034293054,122.53809503584773
18.000000000000004,74.89832164919916,45.72274410634214,15.146599840513636,122.16900379778177
19.000000000000004,74.89615549166354,45.64784686777171,15.100914545026578,121.80051667218065
20.0,74.89387217670816,45.572951853937525,15.055304145665723,121.43263364157265
21.0,74.8914716936172,45.498059182002365,15.009768640147753,121.06535468754109
22.000000000000004,74.88895403112362,45.423168969139994,14.964308026072182,120.69867979072413
23.000000000000004,74.88631917740872,45.34828133253573,14.918922300921343,120.33260893081489
24.000000000000004,74.88356712010209,45.273396389386974,14.873611462060381,119.96714208656124
25.0,74.88069784628108,45.198514256903785,14.828375506737236,119.60227923576566
26.000000000000004,74.8777113424707,45.12363505230941,14.78321443208263,119.23802035528524
27.000000000000004,74.87460759464318,45.04875889284085,14.738128235110056,118.87436542103147
28.000000000000004,74.87138658821766,44.97388589574942,14.69311691271576,118.51131440797023
29.000000000000004,74.86804830805991,44.89901617830128,14.648180461678736,118.14886729012157
30.0,74.86459273848189,44.82414985777801,14.603318878660696,117.78702404055966
31.0,74.86101986324144,44.74928705147715,14.558532160206068,117.42578463141263
32.0,74.85732966554187,44.674427876712755,14.513820302741973,117.06514903386245
33.0,74.85352212803156,44.59957245081597,14.469183302578209,116.70511721814484
34.0,74.84959723280357,44.52472089113555,14.424621155907234,116.34568915354899
35.0,74.84555496139522,44.44987331503845,14.380133858804147,115.98686480841756
36.00000000000001,74.84139529478763,44.37502983991036,14.335721407226673,115.62864415014649
37.00000000000001,74.8371182134053,44.300190583156265,14.29138379701514,115.27102714518482
38.00000000000001,74.83272369711561,44.225355662201004,14.247121023892461,114.91401375903456
39.00000000000001,74.82821172522839,44.15052519448983,14.202933083464115,114.55760395625047
40.0,74.8235822764954,44.07569929748897,14.158819971218126,114.20179770044004
41.00000000000001,74.81883532910985,44.000878088686164,14.114781682525038,113.8465949542631
42.0,74.81397086070588,43.92606168559126,14.0708182126379,113.49199567943182
43.0,74.80898884835798,43.851250205736726,14.026929556692235,113.13799983671049
44.00000000000001,74.80388926858056,43.776443766678256,13.983115709706027,112.78460738591528
45.0,74.79867209732726,43.7016424859953,13.93937666657969,112.4318182859141
46.00000000000001,74.7933373099905,43.62684648129164,13.895712422096047,112.07963249462641
47.0,74.78788488140083,43.55205587019595,13.852122970920302,111.72804996902295
48.00000000000001,74.78231478582632,43.47727077036234,13.808608307600023,111.37707066512566
49.0,74.77662699697201,43.40249129947094,13.765168426565106,111.02669453800733
50.0,74.77082148797923,43.32771757522846,13.721803322127757,110.67692154179157
51.00000000000001,74.76489823142505,43.25294971536876,13.678512988482458,110.32775162965237
52.00000000000001,74.75885719932148,43.17818783765338,13.635297419705948,109.97918475381407
53.00000000000001,74.75269836311496,43.10343205987216,13.592156609757184,109.631220865551
54.00000000000001,74.74642169368558,43.02868249984376,13.549090552477326,109.28385991518736
55.0,74.7400271613464,42.953939275416246,13.506099241589697,108.93710185209693
56.00000000000001,74.73351473584283,42.87920250446765,13.463182670699755,108.5909466247028
57.0,74.7268843863518,42.804472304906554,13.420340833295068,108.24539418047716
58.00000000000001,74.72013608148107,42.72974879467264,13.377573722745279,107.90044446594108
59.00000000000001,74.7132697892685,42.65503209173726,13.334881332302073,107.55609742666421
60.0,74.70628547718127,42.58032231410404,13.292263655099152,107.21235300726455
61.00000000000001,74.69918311211507,42.50561957980939,13.249720684152194,106.86921115140817
62.0,74.6919626603934,42.430924006923135,13.207252412358828,106.52667180180897
63.0,74.68462408776665,42.356235713549054,13.164858832498592,106.18473490022834
64.0,74.6771673594114,42.281554817825466,13.122539937232904,105.84340038747499
65.0,74.66959243992949,42.206881437925794,13.08029571910503,105.50266820340458
66.0,74.66189929334722,42.132215692059155,13.038126170540037,105.16253828691947
67.0,74.65408788311447,42.05755769847092,12.996031283844772,104.82301057596842
68.0,74.64615817210384,41.98290757544331,12.954011051207814,104.48408500754634
69.0,74.63811012260977,41.90826544129596,12.912065464699445,104.14576151769387
70.0,74.6299436963476,41.83363141438648,12.870194516271605,103.80804004149728
71.00000000000001,74.62165885445265,41.75900561311108,12.828398197757856,103.4709205130879
72.00000000000001,74.61325555747933,41.68438815590511,12.786676500873348,103.13440286564204
73.00000000000001,74.60473376540018,41.60977916124367,12.745029417214774,102.79848703138056
74.00000000000001,74.59609343760485,41.53517874764217,12.70345693826033,102.46317294156857
75.0,74.58733453289918,41.46058703365692,12.661959055369682,102.12846052651504
76.00000000000001,74.5784570095042,41.38600413788572,12.62053575978391,101.7943497155726
77.0,74.56946082505512,41.31143017896844,12.579187042625483,101.46084043713707
78.00000000000001,74.56034593660027,41.23686527558762,12.537912894898204,101.12793261864722
79.0,74.55111230060011,41.16230954646902,12.496713307487175,100.79562618658436
80.0,74.54175987292615,41.087763110382255,12.45558827115875,100.463921066472
81.0,74.53228860885991,41.013226086141366,12.414537776560488,100.13281718287553
82.00000000000001,74.5226984630918,40.93869859260539,12.373561814221114,99.80231445940177
83.0,74.51298938972005,40.86418074867898,12.332660374550471,99.47241281869876
84.0,74.50316134224957,40.789672673313,12.291833447839474,99.14311218245521
85.0,74.49321427359084,40.71517448550508,12.251081024260065,98.81441247140027
86.0,74.48314813605877,40.64068630430025,12.210403093865162,98.48631360530307
87.00000000000001,74.47296288137156,40.56620824879154,12.169799646588617,98.15881550297232
88.00000000000001,74.46265846064942,40.49174043812053,12.12927067224516,97.83191808225602
89.00000000000001,74.45223482441354,40.417282991478,12.088816160530362,97.50562126004095
90.0,74.44169192258474,40.3428360281045,12.04843610102057,97.17992495225238
91.0,74.43102970448231,40.268399667290964,12.008130483172872,96.85482907385354
92.00000000000001,74.42024811882283,40.19397402837931,11.967899296325037,96.53033353884535
93.00000000000001,74.40934711371875,40.11955923076304,11.927742529695465,96.20643826026588
94.0,74.39832663667731,40.04515539388784,11.88766017238314,95.88314315019005
95.0,74.38718663459913,39.9707626372522,11.847652213367569,95.56044811972909
96.00000000000001,74.37592705377693,39.89638108040801,11.807718641508739,95.23835307903018
97.00000000000001,74.36454783989427,39.82201084296118,11.767859445547055,94.916857937276
98.0,74.35304893802412,39.74765204457222,11.728074614103289,94.59596260268435
99.0,74.34143029262759,39.67330480495689,11.688364135678524,94.27566698250757
100.0,74.32969184755251,39.5989692438868,11.648727998654103,93.95597098303223
101.00000000000001,74.31783354603209,39.52464548119001,11.609166191291564,93.63687450957862
102.00000000000001,74.30585533068347,39.45033363675165,11.569678701732593,93.31837746650025
103.00000000000001,74.29375714350635,39.37603383051456,11.530265517998961,93.0004797571835
104.00000000000001,74.2815389258815,39.30174618247987,11.490926627992463,92.68318128404701
105.0,74.26920061856941,39.227470812707644,11.45166201949487,92.36648194854135
106.00000000000001,74.25674216170867,39.1532078413175,11.412471680167858,92.05038165114841
107.00000000000001,74.24416349481463,39.07895738848924,11.373355597552955,91.73488029138103
108.00000000000001,74.2314645567778,39.00471957446345,11.33431375907148,91.41997776778244
109.0,74.21864528586237,38.93049451954213,11.295346152024477,91.10567397792578
110.0,74.2057056197047,38.856282344089344,11.25645276359266,90.79196881841364
111.00000000000001,74.19264549531172,38.782083168531834,11.21763358083635,90.47886218487747
112.00000000000001,74.17946484905937,38.70789711335965,11.178888590695404,90.16635397197722
113.0,74.166163616691,38.633724299126776,11.140217779989161,89.85444407340066
114.0,74.1527417333158,38.55956484645177,11.101621135416371,89.54313238186297
115.0,74.13919913340717,38.48541887601841,11.063098643555136,89.23241878910619
116.00000000000001,74.12553575080102,38.4112865085763,11.024650290862839,88.92230318589867
117.0,74.11175151869418,38.337167864941556,10.98627606367608,88.61278546203457
118.00000000000001,74.09784636964267,38.263063065997386,10.94797594821061,88.3038655063333
119.00000000000001,74.08382023556004,38.18897223269479,10.909749930561263,87.99554320663894
120.0,74.06967304771567,38.11489548605315,10.871597996701889,87.68781844981983
121.00000000000001,74.05540473673294,38.04083294716093,10.833520132485281,87.38069112176781
122.00000000000001,74.0410152325876,37.96678473717627,10.795516323643113,87.07416110739783
123.00000000000001,74.02650446460592,37.89275097732767,10.757586555785862,86.76822829064729
124.0,74.01187236146295,37.81873178891464,10.719730814402741,86.46289255447553
125.0,73.99711885118066,37.744727293308316,10.68194908486163,86.15815378086322
126.0,73.98224386112616,37.67073761195216,10.644241352409,85.85401185081173
127.0,73.96724731800984,37.596762866362596,10.606607602169843,85.55046664434272
128.0,73.9521291478835,37.52280317812965,10.569047819147597,85.24751804049731
129.0,73.93688927613844,37.44885866891764,10.531561988224073,84.94516591733567
130.0,73.92152762750362,37.374929460465815,10.494150094159382,84.64341015193635
131.0,73.90604412604371,37.30101567458904,10.456812121591854,84.34225062039563
132.0,73.89043869515707,37.227117433178435,10.41954805503797,84.041687197827
133.0,73.87471125757396,37.15323485820207,10.382357878892279,83.74171975836046
134.0,73.85886173535437,37.0793680717056,10.345241577427325,83.44234817514197
135.0,73.84289004988614,37.005517195812985,10.308199134793567,83.14357232033275
136.0,73.8267961218829,36.9316823527271,10.271230535019297,82.84539206510867
137.0,73.81057987138202,36.857863664730466,10.234335762010568,82.54780727965962
138.0,73.79424121774255,36.78406125418591,10.19751479955111,82.2508178331889
139.0,73.77778007964321,36.71027524353721,10.160767631302248,81.95442359391251
140.0,73.7611963750801,36.63650575530985,10.124094240802824,81.65862442905852
141.0,73.7444900213648,36.56275291211163,10.087494611469113,81.3634202048664
142.00000000000003,73.72766093512207,36.48901683663338,10.050968726594741,81.06881078658633
143.00000000000003,73.71070903228778,36.41529765164968,10.014516569350599,80.77479603847863
144.00000000000003,73.69363422810662,36.341595480019485,9.978138122784765,80.48137582381293
145.0,73.67643643712996,36.26791044468687,9.941833369822412,80.18855000486762
146.00000000000003,73.65911557321367,36.194242668681696,9.905602293265728,79.89631844292909
147.00000000000003,73.64167154951575,36.12059227512033,9.869444875793826,79.60468099829103
148.00000000000003,73.6241042784941,36.04695938720633,9.833361099962664,79.31363753025379
149.0,73.6064136719043,35.973344128231126,9.797350948204945,79.02318789712356
150.0,73.58859964079723,35.89974662157478,9.761414402830043,78.73333195621181
151.00000000000003,73.57066209551665,35.82616699070662,9.725551446023903,78.4440695638345
152.00000000000003,73.55260094569702,35.75260535918601,9.689762059848958,78.15540057531128
153.0,73.53441610026098,35.67906185066303,9.654046226244033,77.86732484496484
154.0,73.51610746741699,35.6055365888792,9.61840392702426,77.57984222612025
155.0,73.49767495465687,35.53202969766816,9.582835143880986,77.29295257110407
156.00000000000003,73.47911846875341,35.458541300956455,9.547339858381674,77.00665573124368
157.0,73.46043791575782,35.3850715227642,9.511918051969813,76.72095155686652
158.0,73.44163320099734,35.31162048720582,9.476569705964828,76.43583989729937
159.0,73.42270422907255,35.238188318490785,9.441294801561979,76.1513206008675
160.0,73.40365090385501,35.16477514092432,9.406093319832271,75.86739351489398
161.0,73.38447312848454,35.09138107890815,9.370965241722354,75.58405848569883
162.0,73.36517080536674,35.01800625694123,9.335910548054429,75.30131535859832
163.0,73.3457438361703,34.94465079962046,9.300929219526148,75.01916397790416
164.00000000000003,73.32619212182439,34.87131483164146,9.266021236710518,74.73760418692264
165.0,73.306515562516,34.79799847779929,9.231186580055798,74.45663582795393
166.0,73.2867140576872,34.724701862989185,9.196425229885405,74.1762587422912
166.99999999999997,73.26678750603256,34.65142511220733,9.161737166397806,73.89647277021983
168.0,73.2467358054962,34.578168350551564,9.127122369666427,73.61727775101663
169.0,73.22655885326921,34.504931703222184,9.09258081963954,73.33867352294898
170.0,73.20625654578679,34.43171529552266,9.058112496140168,73.06065992327397
171.0,73.18582877872541,34.358519252860404,9.023717378865976,72.78323678823766
172.0,73.16527544700003,34.28534370074754,8.989395447389173,72.50640395307414
173.00000000000003,73.14459644476118,34.21218876480166,8.955146681156398,72.2301612520047
174.00000000000003,73.12379166539208,34.13905457074658,8.920971059488624,71.95450851823709
175.0,73.10286100150573,34.06594124441313,8.886868561581045,71.67944558396447
176.00000000000003,73.081804344942,33.992848911739905,8.852839166502967,71.40497228036467
177.0,73.06062158676457,33.919777698774055,8.81888285319771,71.13108843759935
178.00000000000003,73.039312617258,33.84672773167205,8.784999600482488,70.85779388481298
179.00000000000003,73.01787732592473,33.77369913670046,8.751189387048301,70.58508845013208
180.0,72.99631560148191,33.70069204023675,8.717452191459833,70.31297196066427
181.00000000000003,72.97462733185843,33.62770656877008,8.68378799215533,70.04144424249742
182.0,72.95281240419179,33.55474284890205,8.650196767446493,69.77050512069866
183.0,72.9308707048249,33.48180100734754,8.616678495518368,69.50015441931356
184.00000000000003,72.90880211930305,33.40888117093548,8.583233154429227,69.2303919613652
185.0,72.88660653237054,33.33598346660964,8.549860722110454,68.96121756885314
186.00000000000003,72.8642838279676,33.263108021429474,8.516561176366434,68.69263106275267
187.0,72.84183388922709,33.190254962570876,8.483334494874434,68.42463226301372
188.0,72.81925659847123,33.11742441732703,8.450180655184486,68.15722098855998
189.00000000000003,72.79655183720826,33.04461651310919,8.417099634719268,67.89039705728798
190.0,72.77371948612914,32.97183137744752,8.384091410773989,67.62416028606607
191.0,72.7507594251042,32.89906913799191,8.35115596051627,67.3585104907335
192.00000000000003,72.72767153317967,32.82632992251277,8.318293260986017,67.0934474860994
193.0,72.70445568857433,32.75361385890189,8.28550328909531,66.82897108594192
194.00000000000003,72.681111768676,32.680921075173266,8.252786021628273,66.5650811030071
195.0,72.65763965003812,32.60825169946391,8.220141435240954,66.30177734900802
196.0,72.63403920837612,32.5356058600347,8.187569506461205,66.03905963462365
197.00000000000003,72.61031031856398,32.46298368527123,8.155070211688553,65.77692776949803
198.0,72.58645285463058,32.39038530368464,8.122643527194075,65.51538156223909
199.0,72.56246668975612,32.31781084391245,8.090289429120277,65.25442082041772
200.0,72.53835169626849,32.245260434719434,8.058007893480962,64.9940453505668
201.0,72.51410774563954,32.17273420499848,8.025798896161103,64.73425495818002
202.00000000000003,72.48973470848138,32.10023228377142,7.993662412916718,64.47504944771097
203.0,72.46523245454273,32.0277548001899,7.961598419374737,64.21642862257208
204.00000000000003,72.440600852705,31.95530188353628,7.929606891032874,63.9583922851335
205.0,72.41583977097862,31.882873663224437,7.897687803259494,63.70094023672211
206.00000000000003,72.39094907649907,31.8104702688007,7.8658411312934815,63.44407227762044
207.00000000000003,72.36592863552313,31.73809182994469,7.834066850244109,63.187788207065566
208.00000000000003,72.34077831342488,31.665738476470217,7.8023649350909015,62.93208782324809
209.00000000000003,72.31549797469177,31.59341033832616,7.770735360683504,62.67697092331099
210.0,72.29008748292068,31.521107545597353,7.739178101741542,62.42243730334857
211.00000000000003,72.2645467008139,31.448830228505486,7.707693132854491,62.16848675840536
212.00000000000003,72.23887549017503,31.376578517409992,7.676280428481533,61.91511908247497
213.0,72.21307371190495,31.304352542808953,7.644939962951423,61.662334068499035
214.00000000000003,72.1871412259977,31.23215243534,7.613671710462349,61.41013150836603
215.0,72.1610778915363,31.159978325781235,7.582475645081788,61.15851119291017
216.00000000000003,72.13488356668852,31.087830345052122,7.551351740746371,60.90747291191032
217.00000000000003,72.10855810870274,31.015708624214426,7.520299971261738,60.65701645408873
218.0,72.08210137390364,30.943613294473124,7.489320310302395,60.40714160711002
219.00000000000003,72.05551321768789,30.871544487177328,7.45841273141157,60.15784815757994
220.0,72.02879349451979,30.799502333821223,7.42757720800107,59.909135891044215
221.0,72.00194205792694,30.727486966045,7.396813713351137,59.66100459198738
222.00000000000003,71.97495876049581,30.655498515635788,7.366122220610297,59.4134540438316
223.0,71.94784345386725,30.583537114528607,7.335502702795215,59.1664840289355
224.00000000000003,71.920595988732,30.511602894807307,7.304955132790547,58.92009432859291
225.0,71.89321621482621,30.439695988705527,7.274479483348791,58.674284723031725
226.0,71.86570398092678,30.36781652860765,7.244075727090134,58.429054991412656
227.00000000000003,71.83805913484686,30.295964647049765,7.213743836502306,58.18440491182801
228.0,71.81028152343104,30.224140476720624,7.183483783940421,57.94033426130051
229.0,71.78237099255081,30.152344150462632,7.15329554162683,57.69684281578197
230.0,71.75432738709972,30.080575801272808,7.123179081650962,57.45393035015214
231.0,71.72615055098865,30.008835562303762,7.093134375969174,57.21159663821742
232.00000000000003,71.69784032714095,29.9371235668647,7.06316139640459,56.969841452709574
233.0,71.66939655748763,29.865439948422384,7.0332601146469464,56.728664565284504
234.0,71.64081908296242,29.79378484060216,7.003430502252434,56.48806574652097
235.0,71.61210774349681,29.722158377188933,6.9736725306435385,56.24804476591928
236.00000000000003,71.58326237801508,29.650560692128177,6.94398617110888,56.00860139190002
237.00000000000003,71.55428282442925,29.578991919526956,6.9143713948030525,55.76973539180278
238.00000000000003,71.52516891963405,29.507452193654924,6.884828172746461,55.53144653188477
239.00000000000003,71.49592049950172,29.435941648945356,6.855356475825161,55.29373457731957
240.0,71.46653739887687,29.364460419996167,6.82595627479069,55.056599292195806
241.00000000000003,71.43701945157126,29.293008641570943,6.796627540259907,54.82004043951578
242.00000000000003,71.4073664903586,29.22158644859998,6.767370242714821,54.58405778119414
243.0,71.37757834696913,29.150193976181313,6.73818435250243,54.348651078056584
244.00000000000003,71.34765485208433,29.078831359581788,6.709069839834549,54.11382008983841
245.0,71.31759583533157,29.00749873423808,6.680026674787639,53.87956457518324
246.00000000000003,71.28740112527852,28.936196235757777,6.651054827302641,53.645884291641565
247.00000000000003,71.25707054942781,28.864923999920425,6.6221542671848015,53.412778995669434
248.0,71.22660393421135,28.793682162678603,6.593324964103502,53.180248442627025
249.00000000000003,71.19600110498484,28.722470860159007,6.5645668875920835,52.948292386777254
250.0,71.16526188602207,28.651290228663502,6.535880007047672,52.71691058128434
251.0,71.1343861005092,28.580140404670235,6.507264291731006,52.48610277821244
252.0,71.10337357053912,28.50902152483471,6.478719710766253,52.255868728524185
253.0,71.0722241171055,28.437933725990888,6.45024623314084,52.026208182079245
254.0,71.04093756009712,28.366877145152287,6.421843827705269,51.79712088763292
255.0,71.00951371829181,28.295851919513094,6.393512463172936,51.56860659283463
256.0,70.97795240935059,28.22485818644927,6.365252108119955,51.340665044226505
257.0,70.94625344981168,28.15389608351969,6.33706273098497,51.11329598724188
258.0,70.91441665508432,28.08296574846724,6.308944300068976,50.88649916620384
259.0,70.88244183944285,28.012067319219977,6.280896783535133,50.66027432432374
260.0,70.85032881602038,27.941200933892244,6.252920149408577,50.434621203699635
261.0,70.81807739680262,27.870366730785832,6.2250143655762376,50.209539545314875
262.0,70.78568739262164,27.79956484839112,6.197179399786649,49.98502908903652
263.0,70.75315861314952,27.728795425388235,6.16941521964976,49.76108957361384
264.0,70.72049086689194,27.658058600648214,6.141721792636742,49.537720736676754
265.0,70.6876839611817,27.587354513234178,6.114099086079801,49.31492231473432
266.0,70.65473770217237,27.5166833024025,6.086547067171982,49.09269404317316
267.0,70.62165189483152,27.446045107604,6.059065702966979,48.87103565625591
268.0,70.58842634293426,27.375440068485116,6.031654960378934,48.64994688711964
269.0,70.55506084905645,27.30486832488912,6.004314806182247,48.429427467774254
270.0,70.52155521456807,27.23433001685731,5.977045207011374,48.209477129100925
271.0,70.48790923962632,27.163825284630214,5.94984612936063,47.99009560085047
272.0,70.45412272316881,27.093354268648817,5.92271753958399,47.77128261164178
273.0,70.42019546290665,27.022917109555777,5.895659403894888,47.553037888960134
274.0,70.38612725531739,26.952513948196664,5.868671688366012,47.33536115915561
275.0,70.3519178956381,26.882144925621187,5.841754358929103,47.11825214744144
276.0,70.31756717785805,26.81181018308444,5.81490738137475,46.90171057789235
277.0,70.28307489471182,26.741509862048154,5.788130721352184,46.68573617344292
278.0,70.24844083767175,26.671244104181962,5.761424344369069,46.470328655885865
279.0,70.2136647969409,26.601013051364657,5.734788215791296,46.2554877458704
280.0,70.17874656144551,26.530816845685465,5.708222300842771,46.041213162900505
281.0,70.14368591882757,26.460655629445327,5.6817265646052055,45.82750462533327
282.0,70.10848265543744,26.390529545158195,5.655300972017904,45.61436185037718
283.00000000000006,70.07313655632609,26.32043873555231,5.628945487877549,45.40178455409031
284.00000000000006,70.03764740523762,26.25038334357153,5.602660076837987,45.18977245137871
285.0,70.00201498460142,26.180363512376612,5.576444703410012,44.97832525599458
286.00000000000006,69.96623907552446,26.110379385346548,5.550299331961151,44.76744268053452
287.00000000000006,69.93031945778341,26.040431106079893,5.524223926715438,44.55712443643782
288.00000000000006,69.89425590981669,25.970518818396094,5.4982184517532,44.34737023398461
289.00000000000006,69.85804820871653,25.90064266633683,5.472282871010833,44.13817978229414
290.0,69.8216961302208,25.83080279416736,5.446417148280581,43.929552789322926
291.00000000000006,69.78519944870493,25.760999346377897,5.420621247210309,43.721488961862995
292.00000000000006,69.74855793717369,25.69123246768496,5.394895131303278,43.51398800554001
293.0,69.71177136725285,25.621502303032745,5.369238763917918,43.30704962481145
294.00000000000006,69.6748395091808,25.551808997594527,5.343652108267605,43.10067352296484
295.0,69.63776213180017,25.482152696774037,5.318135127420421,42.8948594021158
296.00000000000006,69.60053900254921,25.412533546206863,5.292687784298931,42.689606963206224
297.00000000000006,69.5631698874532,25.34295169176186,5.267310041679946,42.484915906002406
298.0,69.52565455111578,25.273407279542578,5.242001862194294,42.28078592909317
299.00000000000006,69.4879927567102,25.203900455888665,5.2167632083265785,42.07721672988791
300.0,69.4501842659704,25.134431367377324,5.191594042414946,41.87420800461476
301.0,69.41222883918212,25.06500016082475,5.166494326650844,41.67175944831859
302.00000000000006,69.37412623517388,24.99560698328757,5.141464023078788,41.46987075485915
303.0,69.33587621130785,24.92625198206433,5.116503093596112,41.26854161690909
304.00000000000006,69.29747852347069,24.85693530469694,5.091611499952731,41.06777172595197
305.0,69.25893292606426,24.787657098972172,5.066789203750896,40.86756077228035
306.0,69.22023917199625,24.718417512923143,5.042036166444949,40.66790844499378
307.00000000000006,69.18139701267077,24.64921669483081,5.017352349341072,40.468814431996805
308.0,69.14240619797876,24.580054793225486,4.9927377135970445,40.270278419996956
309.0,69.10326647628837,24.510931956888353,4.9681922202219875,40.07230009450274
310.0,69.06397759443527,24.441848334852992,4.943715830076116,39.87487913982164
311.0,69.02453929771288,24.37280407640692,4.919308503870487,39.67801523905801
312.00000000000006,68.98495132986228,24.30379933109313,4.8949702021667365,39.48170807411107
313.0,68.94521343306249,24.234834248711667,4.870700885376834,39.28595732567282
314.0,68.90532534792011,24.165908979321177,4.846500513762818,39.090762673225974
315.0,68.86528681345932,24.097023673240486,4.822369047436537,38.896123795041845
316.0,68.82509756711151,24.0281784810502,4.798306446359391,38.70204036817827
317.0,68.78475734470489,23.959373553594293,4.774312670342069,38.508512068477444
318.0,68.74426588045404,23.890609041981715,4.750387679044281,38.31553857056385
319.0,68.70362290694933,23.821885097588012,4.726531431974497,38.12311954784209
320.0,68.6628281551462,23.753201872056966,4.702743888489674,37.931254672494674
321.0,68.62188135435441,23.684559517302215,4.679025007794994,37.739943615479966
322.0,68.58078223222714,23.615958185508923,4.655374748943589,37.549186046529904
323.00000000000006,68.53953051474994,23.547398029135433,4.631793070836267,37.35898163414782
324.0,68.49812592622975,23.478879200914943,4.608279932221241,37.169330045606245
325.0,68.45656818928353,23.410401853857184,4.584835291693855,36.98023094694473
326.0,68.4148570248271,23.34196614125013,4.561459107696301,36.7916840029675
327.0,68.37299215206363,23.273572216661684,4.538151338517345,36.603688877241304
328.00000000000006,68.33097328847208,23.205220233941414,4.514911942292043,36.416245232093104
328.99999999999994,68.28880014979562,23.13691034722228,4.491740877001462,36.2293527286078
330.0,68.24647245002981,23.06864271092237,4.46863810047239,36.04301102662594
331.0,68.20398990141076,23.00041747974665,4.445603570377055,35.85721978474141
332.0,68.16135221440311,22.93223480868874,4.422637244232837,35.67197866029913
333.0,68.1185590976879,22.864094853032693,4.399739079401977,35.48728730939269
333.99999999999994,68.07561025815042,22.795997768354773,4.376909033091283,35.30314538686204
335.0,68.03250540086775,22.727943710525263,4.354147062351843,35.119552546291075
336.0,67.98924422909637,22.659932835710283,4.331453124078725,34.93650844000529
337.0,67.94582644425955,22.591965300373605,4.308827175010683,34.7540127190694
338.0,67.9022517459346,22.52404126127851,4.286269171729857,34.57206503328488
338.99999999999994,67.85851983184003,22.456160875489623,4.263779070661473,34.390665031187595
340.0,67.81463039782258,22.38832430037479,4.24135682807354,34.209812360045326
341.0,67.7705831378442,22.320531693606956,4.219002400076549,34.02950666585535
342.0,67.72637774396865,22.25278321316605,4.196715742623163,33.84974759334193
343.0,67.68201390634829,22.185079017340893,4.174496811507909,33.67053478595386
344.0,67.63749131321048,22.117419264731115,4.1523455623668735,33.49186788586198
345.0,67.59280965084403,22.04980411424909,4.130261950677383,33.313746533956596
346.00000000000006,67.54796860358539,21.982233725121873,4.108245931757698,33.13617036984505
347.00000000000006,67.50296785380469,21.914708256893178,4.086297460766691,32.95913903184907
348.00000000000006,67.45780708189181,21.84722786942533,4.064416492703532,32.78265215700227
349.0,67.41248596624209,21.779792722901263,4.042602982407368,32.60670938104758
350.0,67.36700418324205,21.71240297782652,4.020856884557005,32.43131033843459
351.00000000000006,67.32136140725487,21.64505879503127,3.9991781536705755,32.256454662317026
352.00000000000006,67.27555731060585,21.57776033567234,3.9775667441052236,32.08214198455004
353.00000000000006,67.22959156356752,21.510507761235253,3.95602261005677,31.908371935687633
354.0,67.1834638343448,21.443301233536296,3.934545705559384,31.735144144979934
355.0,67.13717378905991,21.376140914724594,3.913135984485254,31.56245824037059
356.00000000000006,67.09072109173714,21.309026967284197,3.8917934005442496,31.390313848494017
357.00000000000006,67.04410540428741,21.241959554036185,3.8705179072835896,31.21871059467272
358.00000000000006,66.99732638649284,21.174938838140797,3.849309458087501,31.04764810291456
359.0,66.95038369599094,21.107964983099556,3.828168006176881,30.87712599591001
360.0,66.90327698825882,21.04103815275743,3.8070935046089525,30.70714389502939
361.0,66.85600591659707,20.974158511305003,3.7860859062769214,30.537701420320086
362.00000000000006,66.8085701321137,20.90732622328065,3.7651451639096285,30.36879819050376
363.00000000000006,66.76096928370765,20.840541453572737,3.744271230071202,30.20043382297354
364.0,66.71320301805235,20.773804367421857,3.7234640571607045,30.03260793379118
365.0,66.66527097957898,20.70711513042304,3.702723597411782,29.8653201376842
366.0,66.61717281045954,20.640473908528023,3.6820498028923065,29.69857004804304
367.00000000000006,66.5689081505899,20.5738808680475,3.661442625504019,29.532357276918173
368.00000000000006,66.52047663757251,20.507336175653418,3.6409020169821686,29.36668143501717
369.0,66.47187790669899,20.440839998381282,3.6204279288951513,29.201542131701814
370.0,66.42311159093252,20.374392503632468,3.6000203126441446,29.036938974985134
371.0,66.3741773208901,20.307993859176555,3.57967911946274,28.872871571528453
372.00000000000006,66.32507472482455,20.2416442331537,3.559404300416575,28.70933952663842
373.00000000000006,66.27580342860634,20.175343794076984,3.53919580640296,28.546342444263985
374.0,66.2263630557053,20.109092710834826,3.519053588150504,28.383879926993405
375.0,66.176753227172,20.042891152693386,3.4989775962187397,28.22195157605119
376.0,66.12697356161901,19.97673928929899,3.4789677809977437,28.060556991295073
377.0,66.07702367520204,19.91063729068058,3.459024092707754,27.899695771212894
378.00000000000006,66.0269031816007,19.84458532725218,3.4391464813987875,27.739367512919543
379.0,65.97661169199921,19.77858356981538,3.4193348969502537,27.57957181215381
380.0,65.92614881506677,19.712632189561845,3.399589289070565,27.420308263275277
381.0,65.87551415693788,19.646731358075844,3.3799096072967463,27.261576459261153
382.0,65.8247073211923,19.58088124733678,3.36029580099404,27.10337599170308
383.00000000000006,65.77372790883487,19.515082029721768,3.3407478193555105,26.94570645080396
384.00000000000006,65.72257551827508,19.44933387800821,3.3212656114016457,26.788567425374726
385.0,65.6712497453064,19.38363696537642,3.3018491259799534,26.6319585028311
386.0,65.61975018308553,19.317991465412227,3.282498311764559,26.475879269190337
387.0,65.56807642211118,19.252397552109628,3.263213117255798,26.320329309067944
388.00000000000006,65.5162280502028,19.18685539987347,3.2439934907798063,26.165308205674364
389.00000000000006,65.46420465247904,19.121365183522126,3.2248393804881084,26.010815540811688
390.0,65.41200581133596,19.055927078290217,3.2057507343572023,25.85685089487026
391.0,65.35963110642493,18.990541259831335,3.1867275001881414,25.703413846825338
392.0,65.30708011463045,18.92520790422081,3.167769625606115,25.550503974233703
393.0,65.25435241004757,18.85992718795847,3.1488770580600254,25.398120853230235
394.00000000000006,65.20144756395914,18.794699287971465,3.1300497448220606,25.24626405852449
395.0,65.14836514481279,18.72952438161708,3.111287632987266,25.094933163397222
396.0,65.09510471819759,18.664402646685573,3.0925906694731147,24.94412773969694
397.0,65.04166584682064,18.599334261403065,3.0739588010190704,24.793847357836352
398.0,64.98804809048313,18.534319404434413,3.0553919741861515,24.64409158678888
399.00000000000006,64.93425100605639,18.469358254886142,3.036890135356491,24.494859994085097
400.0,64.8802741474574,18.404450992309386,3.0184532307328933,24.346152145809143
401.0,64.82611706562437,18.339597796702844,3.000081206338387,24.197967606595142
402.0,64.7717793084917,18.274798848515786,2.9817740080157775,24.05030593962357
403.0,64.71726042096483,18.210054328651058,2.963531581427194,23.903166706617604
404.00000000000006,64.66255994489485,18.145364418468127,2.9453538720536345,23.756549467839477
405.0,64.60767741905268,18.080729299786153,2.9272408251945072,23.61045378208674
406.0,64.55261237910307,18.016149154887074,2.9091923859671707,23.464879206688586
407.0,64.4973643575782,17.951624166518734,2.891208499306468,23.319825297502078
408.00000000000006,64.44193288385118,17.88715451789802,2.8732891099642597,23.175291608908378
409.00000000000006,64.38631748410893,17.82274039271404,2.8554341625089537,23.031277693808967
410.0,64.33051768132505,17.75838197513132,2.837643601325031,22.887783103621814
411.00000000000006,64.27453299523216,17.694079449793044,2.819917370612569,22.744807388277522
412.00000000000006,64.21836294229409,17.62983300182428,2.80225541438676,22.60235009621547
413.00000000000006,64.16200703567762,17.565642816835297,2.7846576764774302,22.4604107743799
414.00000000000006,64.10546478522396,17.501509080924848,2.7671241005285503,22.31898896821599
415.0,64.04873569741986,17.437431980683527,2.749654629997746,22.17808422166591
416.00000000000006,63.99181927536841,17.37341170319713,2.732249208155806,22.037696077164835
417.00000000000006,63.93471501875947,17.30944843605007,2.7149077780861823,21.897824075636933
418.00000000000006,63.87742242383983,17.24554236732877,2.697630282684493,21.758467756491346
419.00000000000006,63.81994098338288,17.18169368562516,2.680416664658016,21.619626657618102
420.0,63.76227018665805,17.117902580040138,2.6632668665251833,21.48130031538404
421.00000000000006,63.70440951939983,17.054169240187107,2.64618083061507,21.343488264628704
422.00000000000006,63.646358463776465,16.99049385619552,2.6291584990668784,21.20619003866015
423.00000000000006,63.58811649835817,16.926876618714452,2.6121998138294233,21.06940516925082
424.00000000000006,63.529683098085115,16.86331771891623,2.595304716660608,20.933133186633302
425.0,63.471057734234925,16.79981734850007,2.5784731491268995,20.797373619496124
426.0,63.41223987438983,16.73637569969576,2.5617050526028016,20.66212599497945
427.00000000000006,63.35322898240341,16.672992965267362,2.54500036827032,20.527389838670825
428.00000000000006,63.29402451836691,16.609669338516976,2.528359037118428,20.39316467460082
429.00000000000006,63.23462593857527,16.546405013288506,2.511780999942525,20.259450025238696
430.0,63.17503269549255,16.483200183971473,2.495266197343895,20.12624541148802
431.0,63.115244237717064,16.420055045504867,2.478814569729157,19.99355035268224
432.00000000000006,63.05526000994613,16.356969793381037,2.462426057309714,19.861364366580226
433.00000000000006,62.99507945294028,16.293944623649594,2.446100600101199,19.729686969361815
434.00000000000006,62.934702003487054,16.23097973292138,2.4298381379229133,19.598517675623288
435.0,62.874127094364376,16.168075318372455,2.4136386103972662,19.46785599837283
436.0,62.81335415430356,16.10523157774812,2.3975019569492058,19.337701449025946
437.00000000000006,62.752382607951645,16.042448709366994,2.3814281168056484,19.20805353740088
438.00000000000006,62.69121187583354,15.979726912125102,2.3654170289949024,19.078911771713926
439.00000000000006,62.62984137431343,15.917066385500029,2.3494686323460896,18.950275658574803
440.0,62.568270515555916,15.854467329555094,2.333582865488562,18.822144702981923
441.0,62.506498707486536,15.791929944943572,2.3177596668513125,18.694518408317652
442.0,62.44452535375185,15.729454432912952,2.3019989746623843,18.567396276343544
443.00000000000006,62.382349853679045,15.667040995309236,2.2863007269482734,18.440777807195502
444.00000000000006,62.31997160223498,15.60468983458128,2.2706648615333282,18.314662499378983
445.0,62.25738998998471,15.54240115378517,2.255091316039145,18.189049849764064
446.0,62.19460440304958,15.480175156588652,2.239580027883958,18.06393935358057
447.0,62.131614223064645,15.418012047275596,2.2241309342820257,17.93933050441309
448.00000000000006,62.06841882713571,15.355912030750495,2.2087439722430124,17.81522279419601
449.00000000000006,62.005017587795685,15.29387531254303,2.193419078571366,17.691615713208485
450.0,61.94140987296043,15.231902098812652,2.178156189865688,17.56850875006937
451.0,61.87759504588408,15.16999259635323,2.162955242518105,17.445901391732118
452.0,61.81357246511374,15.108147012597732,2.1478161727136293,17.323793123479675
453.00000000000006,61.74934148444358,15.046365555622954,2.132738916429519,17.202183428919266
454.00000000000006,61.68490145286848,14.984648434154298,2.1177234094346304,17.08107178997721
455.0,61.6202517145368,14.922995857570596,2.102769587288768,16.96045768689364
456.0,61.55539160870287,14.861408035908976,2.0878773853420283,16.840340598217264
457.0,61.49032046967855,14.799885179869786,2.073046738734139,16.72072000079998
458.0,61.425037626784416,14.738427500821555,2.058277582393793,16.601595369791536
459.00000000000006,61.35954240430011,14.677035210806013,2.0435698510379794,16.48296617863412
460.0,61.293834121414186,14.615708522543155,2.0289234791713047,16.3648318990569
461.0,61.22791209217314,14.554447649436362,2.0143384010853147,16.24719200107054
462.0,61.16177562542995,14.49325280557756,1.9998145508578076,16.130045952961662
463.0,61.09542402479177,14.43212420575245,1.9853518623521427,16.013393221287277
464.00000000000006,61.02885658856701,14.37106206544577,1.9709502692165435,15.89723327086916
465.0,60.962072609711726,14.31006660084663,1.9566097048833972,15.781565564788199
466.0,60.89507137577526,14.249138028853887,1.9423301025685469,15.666389564378683
467.0,60.827852168845084,14.188276567081576,1.928111395270579,15.551704729222566
468.0,60.76041426549106,14.127482433864408,1.913953515770106,15.437510517143666
469.00000000000006,60.69275693670884,14.066755848263307,1.899856396629042,15.32380638420184
470.0,60.62487944786249,14.006097030071022,1.8858199701898748,15.210591784687091
471.00000000000006,60.55678105862637,13.945506199817777,1.8718441685749303,15.097866171113655
472.00000000000006,60.48846102292627,13.884983578777,1.857928923685633,14.985628994214025
473.00000000000006,60.41991858887963,13.824529388971097,1.8440741672017589,14.87387970293293
474.00000000000006,60.35115299873503,13.76414385317729,1.8302798305806847,14.762617744421274
475.0,60.28216348881084,13.703827194933517,1.8165458450566292,14.651842564030021
476.00000000000006,60.21294928943293,13.643579638544395,1.8028721416398903,14.541553605304042
477.00000000000006,60.143509624871704,13.583401409087243,1.7892586511160744,14.4317503099759
478.00000000000006,60.07384371327809,13.523292732418168,1.7757053040453217,14.322432117959593
479.00000000000006,60.003950766618665,13.46325383517822,1.7622120307615234,14.21359846734425
480.0,59.93382999061001,13.403284944799605,1.7487787613715344,14.105248794387778
481.00000000000006,59.86348058465194,13.343386289511974,1.7354054257543787,13.997382533510452
482.00000000000006,59.79290174176001,13.283558098348768,1.7220919535604484,13.889999117288454
483.00000000000006,59.72209264849688,13.22380060115364,1.7088382742106971,13.783097976447365
484.00000000000006,59.65105248490284,13.16411402858694,1.6956443168958268,13.676678539855617
485.0,59.579780424425316,13.104498612132277,1.6825100105754673,13.570740234517853
486.0,59.508275633847305,13.04495458410314,1.6694352839773496,13.465282485568288
487.00000000000006,59.436537273214896,12.985482177649608,1.6564200655964734,13.360304716263974
488.00000000000006,59.36456449576376,12.926081626765118,1.643464283694266,13.255806347978016
489.00000000000006,59.292356447844405,12.866753166293314,1.6305678662977368,13.151786800192768
490.0,59.21991226884662,12.807497031934968,1.6177307411986226,13.048245490492919
491.0,59.14723109112255,12.748313460254984,1.6049528359525276,12.945181834558577
492.00000000000006,59.07431203990891,12.689202688689468,1.5922340778780553,12.842595246158245
493.00000000000006,59.00115423324793,12.630164955552889,1.5795743940559341,12.740485137141794
494.00000000000006,58.92775678190716,12.571200500045311,1.566973711328135,12.638850917433318
495.0,58.854118789298106,12.51230956225971,1.5544319562969826,12.537691995023986
496.0,58.78023935139366,12.453492383189364,1.541949055324258,12.4370077759648
497.00000000000006,58.70611755664442,12.394749204735344,1.5295249345302957,12.3367976643593
498.00000000000006,58.63175248589362,12.336080269714076,1.517159519793071,12.237061062356226
499.00000000000006,58.55714321229085,12.277485821864984,1.5048527367472815,12.137797370142083
500.0,58.48228880120459,12.218966105858236,1.4926045107834198,12.039005985933683
501.0,58.40718831013327,12.160521367302566,1.4804147670468395,11.940686305970592
502.0,58.331840788615175,12.102151852753192,1.4682834304368115,11.842837724507547
503.0,58.25624527813683,12.043857809719816,1.456210425605575,11.745459633806766
504.0,58.18040081204013,11.985639486674728,1.4441956769573778,11.648551424130234
505.0,58.10430641542805,11.927497133060994,1.43223910864751,11.552112483731902
506.0,58.02796110506878,11.869430999300745,1.4203406445813291,11.45614219884982
507.0,57.95136388929866,11.811441336803561,1.408500208413277,11.360639953698202
508.0,57.87451376792338,11.75352839797495,1.3967177235458876,11.265605130459447
509.0,57.79740973211781,11.69569243622493,1.3849931131287876,11.171037109276044
510.0,57.720050764324284,11.637933705976709,1.3733263000576867,11.07693526824246
511.0,57.642435838149204,11.580252462675471,1.3617172069733607,10.983298983396914
512.0,57.5645639182582,11.522648962797268,1.3501657562606244,10.890127628713108
513.0,57.48643396026953,11.465123463858005,1.3386718700472968,10.797420576091874
514.0,57.40804491064592,11.407676224422547,1.3272354702031566,10.705177195352745
515.0,57.32939570658457,11.350307504113932,1.3158564783388884,10.613396854225467
516.0,57.2504852759056,11.293017563622687,1.30453481580502,10.52207891834142
517.0,57.17131253693871,11.235806664716264,1.2932704036908507,10.431222751224967
518.0,57.09187639840781,11.178675070248591,1.2820631628233683,10.340827714284737
519.0,57.01217575931422,11.12162304416973,1.270913013766159,10.250893166804817
520.0,56.93220950881765,11.064650851535665,1.2598198768183064,10.161418465935874
521.0,56.851976526115514,11.007758758518198,1.2487836720132794,10.072402966686195
522.0,56.77147568032015,10.95094703241498,1.2378043191178127,9.983846021912644
523.0,56.69070583033418,10.894215941659652,1.2268817376307755,9.895746982311543
524.0,56.60966582472378,10.837565755832124,1.2160158467820297,9.808105196409468
525.0,56.52835450158994,10.780996745668967,1.2052065655312791,9.720920010553955
526.0,56.4467706884376,10.724509183073954,1.1944538125669077,9.634190768904144
527.0,56.36491320204267,10.668103341128713,1.1837575063048065,9.547916813421303
528.0,56.28278084831684,10.611779494103533,1.1731175648871903,9.462097483859294
529.0,56.2003724221702,10.55553791746829,1.1625339061814044,9.37673211775494
530.0,56.11768670737155,10.49937888790352,1.1520064477787184,9.291820050418305
531.0,56.034722476406486,10.44330268331163,1.1415351069931108,9.207360614922889
532.0,55.95147849033296,10.38730958282826,1.131119800860041,9.123353142095713
533.0,55.867953498634634,10.331399866833777,1.1207604461352099,9.039796960507335
534.0,55.78414623907157,10.275573816964924,1.1104569592933105,8.956691396461766
535.0,55.70005543752855,10.219831716126624,1.1002092565267647,8.874035773986286
536.0,55.615679807860786,10.164173848503928,1.0900172537444495,8.79182941482116
537.0,55.53101805173705,10.108600499574129,1.0798808665704105,8.710071638409278
538.0,55.44606885848003,10.05311195611902,1.069800010342564,8.628761761885672
539.0,55.36083090490408,9.997708506237327,1.059774600111386,8.547899100066939
540.0,55.27530285515011,9.9423904393573,1.0498045506385887,8.467482965440587
541.0,55.189483360517706,9.887158046249466,1.0398897763957853,8.38751266815424
542.0,55.10337105929423,9.83201161903956,1.0300301915631407,8.307987516004776
543.0,55.016964576581124,9.776951451221622,1.02022571002801,8.22890681442733
544.0,54.93026252411695,9.721977837671274,1.0104762453835636,8.15026986648421
545.0,54.84326350009766,9.667091074659167,1.0007817109273984,8.072075972853705
546.0,54.755966088993375,9.612291459864622,0.9911420196601365,7.994324431818761
547.0,54.668368861362154,9.557579292389445,0.9815570842840095,7.917014539255582
548.0,54.5804703736604,9.502954872771934,0.9720268172014288,7.840145588622093
549.0,54.49226916804987,9.44841850300108,0.9625511305135424,7.763716870946289
550.0,54.403763772201366,9.393970486530954,0.9531299360187764,7.687727674814488
551.0,54.31495269909466,9.339611128295306,0.9437631452113633,7.612177286359446
552.0,54.22583444681512,9.285340734722352,0.9344506692798544,7.5370649892483685
553.0,54.13640749834648,9.231159613749771,0.9251924191056183,7.462390064670794
554.0,54.04667032135983,9.177068074839918,0.9159883052613235,7.388151791326355
555.0,53.95662136799895,9.123066428995239,0.9068382380094059,7.314349445412424
556.0,53.866259074661514,9.069154988773908,0.8977421273005213,7.2409823006116225
557.0,53.77558186177644,9.01533406830569,0.8886998827719815,7.1680496280792125
558.0,53.68458813357697,8.961603983308013,0.8797114137461747,7.095550696430352
559.0,53.59327627786978,8.90796505110229,0.8707766292289695,7.023484771727228
560.0,53.50164466579954,8.854417590630455,0.8618954379081031,6.95185111746605
561.0,53.40969165160929,8.80096192247175,0.853067748151552,6.880648994563914
562.0,53.31741557239624,8.747598368859746,0.8442934680058862,6.809877661345522
563.0,53.22481474786296,8.694327253699617,0.8355725051946066,6.7395363735297735
564.0,53.13188748006388,8.641148902585654,0.826904767116464,6.6696243842162115
565.0,53.03863205314706,8.588063642819048,0.8182901608437616,6.6001409438713265
566.0000000000001,52.94504673309089,8.535071803425929,0.8097285931206392,6.531085300314717
567.0000000000001,52.85112976743591,8.482173715175666,0.8012199703613384,6.4624566987050995
568.0000000000001,52.756879385011295,8.429369710599442,0.7927641986484508,6.394254381526177
569.0000000000001,52.662293795656325,8.376660124009108,0.7843611837311465,6.32647758857235
570.0,52.56737118993612,8.324045291516311,0.7760108310233838,6.259125556934277
571.0000000000001,52.47210973885211,8.271525551051917,0.7677130456020996,6.192197520984285
572.0000000000001,52.37650759354677,8.219101242385719,0.7594677322053808,6.125692712361608
573.0000000000001,52.280562885002475,8.166772707146444,0.7512747952306147,6.059610359957476
574.0000000000001,52.18427372373446,8.114540288842075,0.7431341387326205,5.993949689900046
575.0,52.08763819947781,8.062404332880469,0.7350456664217592,5.9287099255391515
576.0000000000001,51.99065438086796,8.010365186590295,0.7270092816620238,5.863890287430904
577.0000000000001,51.89332031511515,7.958423199242304,0.7190248874691075,5.799489993322104
578.0000000000001,51.79563402767197,7.90657872207091,0.711092386508451,5.735508258134499
579.0000000000001,51.69759352189451,7.854832108296127,0.7032116810932675,5.671944293948851
580.0,51.59919677869646,7.803183713145831,0.6953826731825465,5.608797309988833
581.0,51.50044175619621,7.751633893878385,0.6876052643790345,5.5460665126047415
582.0000000000001,51.4013263893568,7.700183009805608,0.6798793559271925,5.48375110525703
583.0000000000001,51.30184858961837,7.64883142231612,0.6722048487111316,5.4218502884996465
584.0000000000001,51.20200624452307,7.597579494899049,0.664581643252524,5.360363259963193
585.0,51.10179721733222,7.546427593168121,0.6570096397084905,5.2992892143378825
586.0,51.001219346635395,7.4953760848861375,0.6494887378694634,5.238627343356303
587.0000000000001,50.90027044595145,7.444425339989844,0.6420188371570253,5.178376835775986
588.0000000000001,50.798948303321126,7.393575730615208,0.6345998366217228,5.11853687736177
589.0000000000001,50.697250680890946,7.342827631123102,0.6272316349408537,5.059106650867953
590.0,50.59517531448837,7.292181418125413,0.6199141304162294,5.000085336020252
591.0,50.49271991318788,7.2416374705115745,0.6126472209719109,4.941472109497528
592.0000000000001,50.389882158867714,7.191196169475547,0.6054308041519174,4.883266144913316
593.0000000000001,50.28665970575717,7.140857898543235,0.598264777117908,4.825466612797123
594.0000000000001,50.18305017997392,7.090623043600369,0.5911490366468363,4.7680726805755045
595.0,50.079051179051405,7.040491992920857,0.5840834791285756,4.711083512552924
596.0,49.97466027145586,6.990465137195604,0.5770680005635174,4.654498269892365
597.0,49.86987499609276,6.940542869561829,0.5701024965601387,4.5983161105957215
598.0000000000001,49.76469286180232,6.8907255856328815,0.5631868623325413,4.542536189483952
599.0000000000001,49.65911134684378,6.841013683528558,0.5563209926979606,4.487157658176972
600.0,49.553127898368345,6.791407563905953,0.5495047820742434,4.432179665073329
601.0,49.44673993188007,6.741907629990829,0.542738124477295,4.3776013553296
602.0,49.33994483068487,6.692514287609546,0.5360209135184948,4.323421870839547
603.0000000000001,49.23273994532682,6.643227945221541,0.5293530424020793,4.269640350213009
604.0000000000001,49.125122593011845,6.594049013952371,0.5227344039224923,4.216255928754538
605.0,49.01709005701805,6.544977907627356,0.5161648904617024,4.163267738441747
606.0,48.9086395860926,6.4960150428058006,0.5096443939864859,4.110674907903409
607.0,48.79976839383462,6.447160838815837,0.503172806045675,4.058476562397254
608.0000000000001,48.6904736580638,6.398415717789887,0.4967500177673722,4.006671823787502
609.0000000000001,48.58075252017431,6.349780104700768,0.4903759198561269,3.9552598105220906
610.0,48.47060208447334,6.301254427398444,0.48405040259007726,3.9042396376096233
611.0,48.36001941750428,6.252839116647455,0.4777733558180543,3.8536104165960103
612.0,48.2490015473537,6.204534606165026,0.47154466895664804,3.8033712555408035
613.0,48.13754546294191,6.156341332659879,0.46536423098723556,3.753521258993228
614.0000000000001,48.025648113296384,6.108259735871759,0.4592319304529697,3.7040595279678934
615.0,47.91330640680782,6.060290258611707,0.453147655455728,3.654985159920182
616.0,47.80051721046795,6.0124333468030695,0.4471112936530206,3.606297248721312
617.0,47.68727734908908,5.964689449523291,0.44112273225485743,3.557994884633067
618.0,47.57358360450427,5.917059019046495,0.4351818580205725,3.5100771542821816
619.0000000000001,47.45943271474787,5.869542510886869,0.42928855725560583,3.4625431406343856
620.0,47.344821373215844,5.822140383842887,0.42344271580824094,3.4153919229680887
621.0,47.229746227804995,5.774853100042377,0.41764421906629834,3.368622576847713
622.0,47.114203880030864,5.727681124988459,0.41189295195378295,3.3222341740966486
623.0,46.99819088412321,5.680624927606382,0.40618879892748555,3.2762257827698447
624.0000000000001,46.881703746098616,5.633684980291271,0.40053164397353674,3.230596467126013
625.0,46.76473892280962,5.586861758956817,0.3949213706039127,3.1853452875994432
626.0,46.64729282096919,5.540155743084928,0.38935786185289184,3.1404713007714258
627.0,46.52936179615032,5.4935674157763685,0.3838410002734612,3.0959735593412643
628.0,46.41094215175955,5.447097263802414,0.3783706679336718,3.0518511120968808
629.0,46.2920301379838,5.4007457776575425,0.37294674641294184,3.0081030038849943
630.0,46.172621950709505,5.354513451613196,0.36756911679830645,2.9647282755808777
631.0,46.052713730413245,5.308400783772634,0.36223765968061356,2.92172596405767
632.0,45.93230156102298,5.262408276126916,0.35695225515066376,2.879095102155244
633.0,45.81138146874886,5.2165364346120295,0.3517127827952943,2.8368347186486176
634.0,45.6899494208826,5.170785769167214,0.34651912169340465,2.7949438382159024
635.0,45.5680013245644,5.12515679379449,0.3413711504119238,2.7534214814057694
636.0,45.445533025516475,5.07965002661945,0.33626874700171683,2.71226666460444
637.0,45.32254030674166,5.034265989953321,0.33121178899343046,2.6714784000021705
638.0,45.19901888718656,4.989005210356357,0.3262001533932756,2.6310556955592403
639.0,45.074964420367365,4.94386821870258,0.3212337166787462,2.5909975549714175
640.0,44.950372492957506,4.8988555502459175,0.31631235479427194,2.5513029776348977
641.0000000000001,44.8252386233357,4.853967744687771,0.3114359431468051,2.511970958610704
642.0,44.69955826009308,4.809205346246056,0.3066043566013382,2.4730004885885397
643.0,44.573326780497716,4.764568903725761,0.3018174694763523,2.43439055385007
644.0,44.4465394889155,4.720058970591054,0.2970751555391939,2.396140136231634
645.0,44.31919161518544,4.675676105039003,0.29237728800137885,2.3582482130863704
646.0000000000001,44.19127831294805,4.631420870074937,0.2877237395138219,2.3207137572457373
647.0,44.062794657924904,4.5872938335895,0.2831143821619897,2.283535736980416
648.0,43.933735646147674,4.543295568437464,0.27854908746097623,2.2467131159605955
649.0,43.80409619213515,4.499426652518323,0.2740277263504983,2.2102448532156025
650.0,43.67387112701578,4.455687668858747,0.2695501691898098,2.174129903092883
651.0000000000001,43.54305519659415,4.4120792056969425,0.26511628575253193,2.1383672152163045
652.0,43.41164305935932,4.368601856568966,0.26072594522139897,2.1029557344437757
653.0,43.279629284432474,4.32525622039707,0.256379016182916,2.067894400824157
654.0,43.14700834945223,4.282042901580128,0.25207536662192737,2.033182149553451
655.0,43.0137746383947,4.238962510086204,0.2478148639160942,1.9988179109302606
656.0000000000001,42.879922439326094,4.196015661547344,0.24359737483027744,1.9648006103104814
657.0,42.74544594208546,4.153202977356639,0.23942276551082545,1.9311291680612295
657.9999999999999,42.61033923589426,4.110525084767649,0.2352909014797633,1.8978024995139713
659.0,42.47459630689075,4.0679826169962565,0.23120164762888135,1.8648195149168454
660.0,42.33821103558578,4.025576213325018,0.22715486821372072,1.8321791193861494
661.0,42.201177194236735,3.983306519210107,0.22315042684745315,1.7998802128569764
662.0,42.063488444137,3.94117418639092,0.21918818649465263,1.7679216900329788
662.9999999999999,41.92513833281698,3.8991798730024434,0.21526800946495595,1.736302440335236
664.0,41.78612029115338,3.8573242436904582,0.2113897574066095,1.7050213478502039
665.0,41.64642763038329,3.81560796972969,0.20755329129989944,1.6740772912767234
666.0,41.506053539018566,3.7740317291449887,0.2037584714504621,1.6434691438720657
667.0,41.36499107965708,3.732596206835651,0.2000051574824718,1.6131957733969844
667.9999999999999,41.22323318568615,3.691302094702979,0.1962932083317025,1.5832560420597546
669.0,41.080772657873766,3.650150091781199,0.1926224822384604,1.5536488064591671
670.0,40.93760216084321,3.6091409043718405,0.1889928367403839,1.5243729175264549
671.0,40.79371421942542,3.5682752461817064,0.1854041286651071,1.4954272204661203
672.0,40.64910121488467,3.5275538384645513,0.181856214122784,1.4668105546956343
672.9999999999999,40.503755381011736,3.486977410166603,0.1783489484984684,1.4385217537839765
674.0,40.35766880007866,3.4465466980760575,0.17488218644434708,1.4105596453889881
675.0,40.2108333986497,3.4062624469766933,0.1714557818718207,1.3829230511935005
676.0,40.06324094324113,3.366125409805748,0.1680695879434295,1.3556107868402076
677.0,39.914883035824246,3.326136347816215,0.16472345706461852,1.3286216618652475
677.9999999999999,39.765751109164064,3.2862960307437206,0.16141724087533854,1.3019544796304565
679.0,39.61583642198588,3.2466052369781457,0.1581507902414776,1.2756080372542584
680.0,39.46513005396302,3.207064753740171,0.15492395524611843,1.2495811255411489
681.0,39.31362290051626,3.1676753772629316,0.1517365851806169,1.2238725289097356
682.0,39.161305667417295,3.128437912978965,0.14858852853549595,1.1984810253192921
682.9999999999999,39.00816886518637,3.089353175712663,0.14547963299115013,1.1734053861947813
684.0,38.85420280327483,3.0504219898784326,0.14240974540835458,1.1486443763503043
685.0,38.69939758402233,3.011645189684784,0.13937871181857298,1.1241967539109254
686.0,38.543743096377774,2.973023619344584,0.1363863774140583,1.1000612702328283
687.0,38.387229009372575,2.934558133291709,0.13343258653774015,1.0762366698217483
688.0,38.2298447653345,2.8962495964043553,0.1305171826728921,1.0527216902496328
689.0,38.07157957282886,2.8580988842352735,0.1276400084325723,1.0295150620694702
690.0,37.912422399314174,2.820106883249202,0.12480090554883008,1.0066155087282342
691.0000000000001,37.75236196349716,2.782274491067796,0.12199971486167158,0.9840217464778828
692.0000000000001,37.59138672737288,2.7446026167223607,0.1192362763077765,0.961732484284349
693.0,37.42948488793318,2.7070921809147075,0.11651042890895796,0.9397464237344624
694.0000000000001,37.26664436852662,2.6697441162864775,0.11382201076035738,0.9180622589407305
695.0,37.102852809852365,2.632559367697288,0.11117085901836549,0.8966786764439133
696.0000000000001,36.938097560567606,2.595538892512078,0.1085568098882608,0.8755943551133171
697.0000000000001,36.772365667489524,2.5586836608980494,0.10597969861155573,0.8548079660447317
698.0,36.605643865369,2.52199465613162,0.1034393594530409,0.8343181724559333
699.0000000000001,36.437918566213405,2.485472874915829,0.10093562568751718,0.8141236295796669
700.0,36.26917584813426,2.449119327708655,0.09846832958620494,0.7942229845540275
701.0000000000001,36.09940144369264,2.4129350390627415,0.09603730240281924,0.7746148763101455
702.0000000000001,35.928580727715705,2.3769210479770373,0.09364237435929935,0.7552979354570839
703.0,35.75669870455328,2.341078408260903,0.09128337463118039,0.7362707841638494
704.0000000000001,35.58373999474379,2.305408188911254,0.08896013133259431,0.7175320360384148
705.0,35.409688821055276,2.2699114745033544,0.086672471500887,0.6990802960036424
706.0000000000001,35.234528993865,2.234589365595894,0.08442022108083738,0.6809141601700001
707.0000000000001,35.058243895839574,2.199442979151042,0.08220320490846392,0.6630322157049475
708.0,34.88081646587338,2.1644734489701856,0.0800212466944033,0.6454330406988734
709.0000000000001,34.70222918224162,2.129681926146128,0.07787416900684514,0.6281152040274499
710.0,34.522464044920284,2.095069579532547,0.07576179325400581,0.6110772652102705
711.0000000000001,34.34150255702151,2.060637596231576,0.07368393966612374,0.5943177742656289
712.0000000000001,34.15932570529059,2.02638718210042,0.07164042727695774,0.577835271561288
713.0,33.97591393960507,1.992319562277972,0.06963107390476854,0.561628287661082
714.0000000000001,33.791247151413074,1.9584359817324628,0.06765569613276332,0.5456953431671858
715.0,33.60530465104321,1.9247377058312347,0.06571410928898147,0.5300349485578789
716.0000000000001,33.41806514381228,1.891226020933807,0.06380612742559895,0.5146456040206187
717.0000000000001,33.22950670485262,1.8579022350094745,0.061931563297627314,0.499525799280231
718.0,33.039606752573825,1.8247676782807614,0.060090228340982196,0.48467401342201705
719.0000000000001,32.84834202066685,1.791823703894141,0.058281932649894744,0.47008871470955804
720.0,32.65568852855205,1.7590716886195314,0.05650648495363791,0.45576836039699514
721.0000000000001,32.46162155016307,1.726513033580174,0.054763692592538056,0.4417113965355446
722.0,32.26611558095165,1.6941491650146165,0.053053361493240664,0.4279162577739965
723.0,32.069144302986324,1.6619815350726475,0.05137529614319703,0.4143813671529306
724.0000000000001,31.87068054800994,1.6300116226471493,0.04972929956433713,0.40110513589236724
725.0,31.670696258307153,1.5982409342439907,0.04811517328589156,0.3880859631725557
726.0000000000001,31.46916244522103,1.5666710048922265,0.04653271731632345,0.37532223590758346
727.0,31.266049145144358,1.535303399097044,0.044981730114328815,0.36281232851147127
728.0,31.06132537279381,1.5041397118380748,0.04346200855886125,0.35055460265639965
729.0000000000001,30.854959071560195,1.4731815696158979,0.041973347918134264,0.3385474070226886
730.0,30.646917060707093,1.4424306315497641,0.04051554181755143,0.3267890770401297
731.0000000000001,30.43716497916934,1.411888590529826,0.03908838220651164,0.3152779346202446
732.0,30.22566722568087,1.381557174427401,0.037691659324033025,0.30401228787901585
733.0,30.0123868949328,1.351438147367094,0.03632516166313578,0.2929904308496065
734.0000000000001,29.797285709436316,1.3215333110649095,0.03498867593391978,0.28221064318455297
735.0,29.580323946730804,1.2918445062368258,0.03368198702526891,0.2716711898468807
736.0000000000001,29.361460361542,1.2623736140826893,0.03240487796510915,0.2613703207895552
737.0,29.140652102456134,1.2331225578506904,0.031157129879142462,0.25130627062263866
738.0,28.91785462262836,1.204093304488148,0.029938521947973043,0.2414772582674806
739.0000000000001,28.693021583996114,1.1752878663848358,0.028748831362536552,0.23188148659721988
740.0,28.466104754408843,1.1467083032156333,0.027587833277736316,0.2225171420628252
741.0000000000001,28.237053897023237,1.1183567238899172,0.02645530076418354,0.21338239430384245
742.0,28.00581665124101,1.0902352886157851,0.02535100475793069,0.20447539574295587
743.0,27.77233840438305,1.0623462110879731,0.02427471400807881,0.19579428116340067
744.0000000000001,27.536562153204976,1.034691760809179,0.023226195022130233,0.18733716726819036
745.0,27.298428354251183,1.007274265555451,0.022205212008947917,0.17910215222004003
746.0000000000001,27.05787476192755,0.9800961139973616,0.02121152681917151,0.17108731516077588
747.0,26.814836253038006,0.9531597584898789,0.020244898882927888,0.16329071570892262
748.0,26.569244636373014,0.9264677180451734,0.019305085144660363,0.155710393434051
749.0000000000001,26.321028445764412,0.9000225815041046,0.018391839994885723,0.14834436730634545
750.0,26.070112714814965,0.873827010923815,0.017504915198671762,0.14119063511972058
751.0000000000001,25.81641873127802,0.8478837452007685,0.016644059820609472,0.1342471728866636
752.0,25.559863768794248,0.8221956039507323,0.01580902014603372,0.1275119342028189
753.0,25.300360793377415,0.7967654916696465,0.014999539598223529,0.12098284957914404
754.0,25.037818141681733,0.7715964022021169,0.014215358651287648,0.11465782573926495
755.0,24.772139167659617,0.7466914235474462,0.013456214738412867,0.10853474487942774
756.0000000000001,24.50322185372721,0.7220537430367528,0.012721842155120767,0.10261146388819
757.0,24.23095838197834,0.6976866529189001,0.012011971957142941,0.09688581352270544
758.0,23.955234660308925,0.6735935563977564,0.011326331852484613,0.09135559753813405
759.0,23.6759297975154,0.6497779741688443,0.010664646087201312,0.08601859176634281
760.0,23.39291552048184,0.6262435515098457,0.010026635324361967,0.08087254313964967
761.0000000000001,23.106055525446816,0.6029940659868813,0.009412016515613603,0.07591516865489398
762.0,22.81520475399632,0.5800334358471597,0.008820502764696581,0.07114415427258156
763.0,22.52020858281802,0.5573657291787526,0.008251803182183624,0.06655715374524297
764.0,22.2209019143147,0.5349951739301863,0.007705622730629155,0.0621517873684437
765.0,21.917108152825968,0.5129261688966159,0.007181662059215754,0.05792564064708017
766.0000000000001,21.608638048355903,0.491163295796025,0.006679617326869433,0.053876262868668215
767.0,21.295288386217095,0.46971133257873854,0.006199180012682051,0.05000116557425365
768.0000000000001,20.976840496713475,0.4485752681372733,0.005740036712324045,0.04629782091632407
769.0,20.653058553688314,0.42776031861207237,0.005301868918949372,0.04276365989163823
770.0,20.323687624166663,0.4072719455231449,0.0048843527868817635,0.039396070435173576
771.0000000000001,19.98845142307036,0.38711587599952635,0.004487158876120428,0.036192395359367795
772.0,19.647049716568,0.3672981254297072,0.004109951875405811,0.03314993012043063
773.0000000000001,19.299155304397473,0.34782502291922446,0.0037523903012313454,0.03026592039064168
774.0,18.94441049455816,0.32870324001974666,0.00341412616976186,0.027537559412119418
775.0,18.582422961888128,0.30993982329152353,0.003094804638106225,0.024961985103408572
776.0000000000001,18.2127608535279,0.2915422313838155,0.0027940636107685554,0.02253627688520568
777.0,17.834946966733675,0.27351837747368474,0.0025115333063398053,0.02025745218539279
778.0000000000001,17.448451774576274,0.2558766781030298,0.002246835778551448,0.01812246257596619
779.0,17.05268500789068,0.23862610971179632,0.001999584384644035,0.01612818948501898
780.0,16.646985410340054,0.22177627450268095,0.0017693831925367962,0.01427143941510696
781.0000000000001,16.23060815714919,0.20533747771893632,0.0015558263164259876,0.01254893858433707
782.0,15.802709251102323,0.18932081901481057,0.0013584971680591141,0.010957326887316883
783.0000000000001,15.362325957482504,0.17373830141051816,0.0011769676078464497,0.009493151048214596
784.0,14.908351974585246,0.1586029624444843,0.0010107969759189485,0.00815285680549416
785.0,14.439505496983184,0.14392903370870008,0.0008595309778423564,0.00693277992434063
786.0,13.954287513943713,0.12973213720323662,0.0007227003923863881,0.005829135773822421
787.0,13.45092642427705,0.11602953023412625,0.0005998195586677066,0.004838007124533228
788.0000000000001,12.92730304224099,0.10284041550086723,0.00049038458580021,0.003955329708041451
789.0,12.380846774177666,0.0901863405926579,0.00039387120775344743,0.0031768749146696973
790.0,11.808388136003382,0.07809172313756738,0.0003097321758883348,0.002498228762285305
791.0,11.205942821577185,0.06658455765877709,0.00023739403549016255,0.0019147658965541743
792.0,10.56838394909646,0.05569739427344027,0.00017625305952405387,0.0014216167935439826
793.0000000000001,9.888922322259914,0.04546874113776208,0.0001256699918184527,0.001013625359446686
794.0,9.158236223256937,0.035945161865003655,8.496304031706983e-05,0.0006852924157541617
795.0,8.362909623532348,0.027184588941609012,5.339816491376349e-05,0.00043069736315968636
796.0,7.482358227649524,0.019261955016018076,3.0174892934949945e-05,0.00024338377248913625
797.0,6.481942035184391,0.012279804884601118,1.440401298464035e-05,0.00011617946836602707
798.0000000000001,5.294140258173593,0.006391763737922126,5.068228673378727e-06,4.08791712044751e-05
799.0,3.7446936088353286,0.0018723468044176644,9.361734022088323e-07,7.550960158326508e-06
800.0,0.0,0.0,0.0,0.0
